{
  "metadata": {
    "generated_date": "2025-01-29",
    "industry": "Information Technology",
    "universe": "S&P 500 Tech Sector",
    "years_analyzed": 4,
    "sample_size": 20
  },
  "benchmarks": {
    "ROE": {
      "avg": 38.228764089785145,
      "median": 29.0476455557611,
      "stddev": 34.17367223103659,
      "p25": 20.155264512425667,
      "p75": 37.465341109308014,
      "p10": 13.183378085317177,
      "p90": 70.15195757640082,
      "sample_size": 20,
      "min": 1.5279467544550203,
      "max": 151.91298333175104
    },
    "ROA": {
      "avg": 15.79574979469326,
      "median": 10.759517972872167,
      "stddev": 14.12429605428163,
      "p25": 7.624101498014396,
      "p75": 19.015978522798786,
      "p10": 5.325847448493332,
      "p90": 26.92571356246818,
      "sample_size": 20,
      "min": 1.2580098696324666,
      "max": 65.30407433625147
    },
    "NetMargin": {
      "avg": 23.247521194262255,
      "median": 21.126708180703364,
      "stddev": 11.52815931112312,
      "p25": 15.392915619938709,
      "p75": 28.240936813499374,
      "p10": 12.016713566927283,
      "p90": 36.29442436453813,
      "sample_size": 20,
      "min": 3.7654320987654324,
      "max": 55.848027157712444
    },
    "GrossMargin": {
      "avg": 62.72433417498454,
      "median": 63.91773531345408,
      "stddev": 13.522964392503583,
      "p25": 48.697408636134014,
      "p75": 73.80790191188835,
      "p10": 46.51254678021162,
      "p90": 77.88939920159385,
      "sample_size": 20,
      "min": 39.79078602386431,
      "max": 87.8716059559998
    },
    "OperatingMargin": {
      "avg": 26.658239188819447,
      "median": 27.25542306321136,
      "stddev": 14.572562571780276,
      "p25": 17.928961108644152,
      "p75": 32.572037118229524,
      "p10": 7.82144046552511,
      "p90": 42.22359182249914,
      "sample_size": 20,
      "min": 0.15033947623666344,
      "max": 62.417526839697466
    },
    "ROIC": {
      "avg": 30.120828145170666,
      "median": 26.07319415300352,
      "stddev": 25.20529002638654,
      "p25": 15.665875844383889,
      "p75": 33.77319902871623,
      "p10": 4.558090739160441,
      "p90": 65.02566379340097,
      "sample_size": 20,
      "min": 0.12800396399372369,
      "max": 92.78163799977219
    },
    "EPS": {
      "avg": 20103894600.0,
      "median": 6754000000.0,
      "stddev": 32687411353.571087,
      "p25": 4985912750.0,
      "p75": 10745750000.0,
      "p10": 1671290000.0,
      "p90": 75775200000.00005,
      "sample_size": 20,
      "min": 854000000.0,
      "max": 112010000000.0
    },
    "OCFMargin": {
      "avg": 33.93430158668177,
      "median": 35.41112226681662,
      "stddev": 10.440393454632733,
      "p25": 27.73659914433578,
      "p75": 40.99851518832082,
      "p10": 21.915079971722573,
      "p90": 47.030451876492194,
      "sample_size": 20,
      "min": 7.3500881834215175,
      "max": 49.11147382698453
    },
    "CurrentRatio": {
      "avg": 1.8937576012598802,
      "median": 1.3569064430814362,
      "stddev": 1.1298351874282477,
      "p25": 1.0123166866708209,
      "p75": 2.515189290705889,
      "p10": 0.9272217274417642,
      "p90": 3.3034996316364773,
      "sample_size": 20,
      "min": 0.7529638819961401,
      "max": 4.554819277108434
    },
    "QuickRatio": {
      "avg": 1.6930024304833151,
      "median": 1.568501336588999,
      "stddev": 0.8985531306466211,
      "p25": 0.9282739650035395,
      "p75": 1.8673207272825683,
      "p10": 0.8734014286955735,
      "p90": 2.976050738386619,
      "sample_size": 20,
      "min": 0.7436816469074533,
      "max": 3.8813099130049316
    },
    "CashRatio": {
      "avg": 0.5298919863814383,
      "median": 0.42945134984420114,
      "stddev": 0.2785506511100211,
      "p25": 0.27958269974875527,
      "p75": 0.8595536366561978,
      "p10": 0.23170097414491764,
      "p90": 0.8965112054669485,
      "sample_size": 20,
      "min": 0.2141511705306689,
      "max": 0.9729362822898945
    },
    "WorkingCapital": {
      "avg": 10166298333.333334,
      "median": 5842785000.0,
      "stddev": 18420683688.064182,
      "p25": 44500000.0,
      "p75": 13014750000.0,
      "p10": -3268999999.999999,
      "p90": 27144800000.000023,
      "sample_size": 20,
      "min": -17674000000.0,
      "max": 62079000000.0
    },
    "OCFRatio": {
      "avg": 1.0102679932788758,
      "median": 0.7790290615978589,
      "stddev": 0.7719142540784817,
      "p25": 0.46587475924394095,
      "p75": 1.3642392768713676,
      "p10": 0.40722146508475987,
      "p90": 1.6527801494692684,
      "sample_size": 20,
      "min": 0.24921512931678877,
      "max": 3.551227350806228
    },
    "AssetTurnover": {
      "avg": 0.5949954444530369,
      "median": 0.4863981781876431,
      "stddev": 0.2590743257026208,
      "p25": 0.4062109883398165,
      "p75": 0.7490738554739308,
      "p10": 0.35999742543580526,
      "p90": 0.9657414752345876,
      "sample_size": 20,
      "min": 0.33409442439419607,
      "max": 1.169317479234057
    },
    "InventoryTurnover": {
      "avg": 16.233323145896662,
      "median": 3.237996031746032,
      "stddev": 24.862978653254128,
      "p25": 2.693596648713345,
      "p75": 21.61904761904762,
      "p10": 2.2483990119042283,
      "p90": 35.661937053576686,
      "sample_size": 20,
      "min": 1.625406351587897,
      "max": 93.636460554371
    },
    "DIO": {
      "avg": 90.92045570258864,
      "median": 112.72404179049603,
      "stddev": 68.35694699777268,
      "p25": 16.88325991189427,
      "p75": 135.5065540990891,
      "p10": 10.631589900883755,
      "p90": 162.678945000662,
      "sample_size": 20,
      "min": 3.8980542177591055,
      "max": 224.55923076923077
    },
    "ReceivablesTurnover": {
      "avg": 8.525252199652499,
      "median": 6.182425458458514,
      "stddev": 7.221012951188724,
      "p25": 4.609192619543732,
      "p75": 8.88789024938202,
      "p10": 3.7728057215962743,
      "p90": 11.976956813570158,
      "sample_size": 20,
      "min": 3.1101180438448566,
      "max": 35.530188679245285
    },
    "DSO": {
      "avg": 60.50650939047335,
      "median": 59.46653590111974,
      "stddev": 28.824653536131624,
      "p25": 41.07165093093877,
      "p75": 79.61538249024944,
      "p10": 31.480384609024004,
      "p90": 97.91379541332518,
      "sample_size": 20,
      "min": 10.272954171313259,
      "max": 117.35888955159139
    },
    "CCC": {
      "avg": 151.2827035167077,
      "median": 144.21205012426404,
      "stddev": 69.04967494767301,
      "p25": 94.46657163196592,
      "p75": 214.9946242244783,
      "p10": 62.56446613531332,
      "p90": 229.8234845227175,
      "sample_size": 20,
      "min": 44.33245609467595,
      "max": 261.7905225096269
    },
    "DebtToEquity": {
      "avg": 0.5340340964795673,
      "median": 0.3161890766593191,
      "stddev": 0.5481003647252988,
      "p25": 0.1753892052848126,
      "p75": 0.6812288023707402,
      "p10": 0.11426268180599689,
      "p90": 1.0428837531832236,
      "sample_size": 20,
      "min": 0.030719959922708078,
      "max": 2.2243376381307414
    },
    "DebtToAssets": {
      "avg": 0.1927741243474204,
      "median": 0.17782859031929255,
      "stddev": 0.10854905813835829,
      "p25": 0.10198168162414256,
      "p75": 0.2738953681083923,
      "p10": 0.07215935316518829,
      "p90": 0.3561119608444452,
      "sample_size": 20,
      "min": 0.025292774545186712,
      "max": 0.37060506798973686
    },
    "EquityMultiplier": {
      "avg": 2.702697815997526,
      "median": 2.009541211849184,
      "stddev": 1.784342194532629,
      "p25": 1.7840807023060847,
      "p75": 2.5491343143413623,
      "p10": 1.492092128962712,
      "p90": 5.211103734775586,
      "sample_size": 20,
      "min": 1.214574536606312,
      "max": 8.232409173145568
    },
    "InterestCoverage": {
      "avg": 62.499636886404915,
      "median": 23.21007233865206,
      "stddev": 118.59174392581116,